NOMBRE_ORGANIZACION;FECHA_SOLICITUD;NUMERO_RESOLUCION;FECHA_EMISION;TIPO_ORGANIZACION;CANTIDAD_MIEMBROS;FECHA_INICIO_VIGENCIA;FECHA_FIN_VIGENCIA;DEPARTAMENTO;PROVINCIA;DISTRITO;UBIGEO;FECHA_CORTE
AA.HH 1ro DE OCTUBRE;17042024;D000132-2024-MML-GDH-SPVV;3062024;ORGANIZACIÓN SOCIAL VECINAL;800;21012024;20012026;LIMA ;LIMA;LIMA;150101;28062024
JUNTA VECINAL DEL PARQUE TRINIDAD;31102024;D000134-2024-MML-GDH-SPVV;13062024;ORGANIZACIÓN SOCIAL VECINAL;32;9042024;8042026;LIMA ;LIMA;LIMA;150101;28062024
ORGANIZACIÓN SOCIAL DE BASE DE LOS COMITES DEL VASO DE LECHE “EX - TENIENTE RODRIGUEZ I” BARRIOS ALTOS CODIGO 52 COMITÉ 2 CERCADO DE LIMA;11062024;D000136-2024-MML-GDH-SPVV;18062024;ORGANIZACIÓN SOCIAL DE BASE;26;25042024;24042027;LIMA ;LIMA;LIMA;150101;28062024
ORGANIZACIÓN SOCIAL DE BASE DE LOS COMITES DEL VASO DE LECHE “EX - TENIENTE RODRIGUEZ I” BARRIOS ALTOS CODIGO 52 COMITÉ 7 CERCADO DE LIMA;7062024;D000137-2024-MML-GDH-SPVV;18062024;ORGANIZACIÓN SOCIAL DE BASE;12;2052024;1052027;LIMA ;LIMA;LIMA;150101;28062024
ORGANIZACIÓN SOCIAL DE BASE DE LOS COMITES DEL VASO DE LECHE “VILLA MARIA DEL PERPETUO SOCORRO” CODIGO 14, COMITÉ 13 – CERCADO DE LIMA;12062024;D000138-2024-MML-GDH-SPVV;18062024;ORGANIZACIÓN SOCIAL DE BASE;16;27042024;26042027;LIMA ;LIMA;LIMA;150101;28062024
ASENTAMIENTO HUMANO SANTA ROSA II;5062024;D000139-2024-MML-GDH-SPVV;18062024;ORGANIZACIÓN SOCIAL VECINAL;20;28092023;28092025;LIMA ;LIMA;LIMA;150101;28062024
ORGANIZACIÓN SOCIAL DE BASE DE LOS COMITES DEL VASO DE LECHE “EX - TENIENTE RODRIGUEZ I” BARRIOS ALTOS CODIGO 52 COMITÉ 3 CERCADO DE LIMA;4062024;D000141-2024-MML-GDH-SPVV;20062024;ORGANIZACIÓN SOCIAL DE BASE;16;28042024;27042027;LIMA ;LIMA;LIMA;150101;28062024
ORGANIZACIÓN SOCIAL DE BASE DE LOS COMITES DEL VASO DE LECHE “EX - TENIENTE RODRIGUEZ I” BARRIOS ALTOS CODIGO 52 COMITÉ 5 CERCADO DE LIMA;4062024;D000142-2024-MML-GDH-SPVV;20062024;ORGANIZACIÓN SOCIAL DE BASE;19;7052024;6052027;LIMA ;LIMA;LIMA;150101;28062024
ORGANIZACIÓN SOCIAL DE BASE DEL PRIMER NIVEL DE LOS COMITES DEL VASO DE LECHE “EX - TENIENTE RODRIGUEZ I” CODIGO 52 COMITÉ 09 CERCADO DE LIMA;6062024;D000143-2024-MML-GDH-SPVV;20062024;ORGANIZACIÓN SOCIAL DE BASE;13;30042024;29042027;LIMA ;LIMA;LIMA;150101;28062024
COMITÉ DE BASE N° 9 DEL VASO DE LECHE - CERCADO DE LIMA DEL CÓDIGO 14 VILLA MARIA DEL PERPETUO SOCORRO;14062024;D000144-2024-MML-GDH-SPVV;20062024;ORGANIZACIÓN SOCIAL DE BASE;20;30042024;29042027;LIMA ;LIMA;LIMA;150101;28062024
JUNTA VECINAL CHACRA RIOS SUR;5062024;D000145-2024-MML-GDH-SPVV;24062024;ORGANIZACIÓN SOCIAL VECINAL;22;5022024;5022026;LIMA ;LIMA;LIMA;150101;28062024
MIRONES 1RA. ETAPA EN ACCION;31052024;D000146-2024-MML-GDH-SPVV;24062024;ORGANIZACIÓN SOCIAL VECINAL;8;27042024;26042026;LIMA ;LIMA;LIMA;150101;28062024
AA.HH CESAR VALLEJO;17062024;D000147-2024-MML-GDH-SPVV;24062024;ORGANIZACIÓN SOCIAL VECINAL;58;24112023;24112025;LIMA ;LIMA;LIMA;150101;28062024
ORGANIZACIÓN SOCIAL DE BASE DE LOS COMITES DEL VASO DE LECHE “VILLA MARIA DEL PERPETUO SOCORRO” CODIGO 14, COMITÉ 25 – CERCADO DE LIMA;14062024;D000149-2024-MML-GDH-SPVV;26062024;ORGANIZACIÓN SOCIAL DE BASE;40;2052024;1052027;LIMA ;LIMA;LIMA;150101;28062024
ORGANIZACIÓN SOCIAL DE POBLACIONES VULNERABLES;19062024;D000150-2024-MML-GDH-SPVV;28062024;ORGANIZACIÓN DE POBLACION VULNERABLE;27;28022023;27022025;LIMA ;LIMA;LIMA;150101;28062024
SARGENTO MAYOR ANDRÉS VIGIL;28052024;D000151-2024-MML-GDH-SPVV;28062024;ORGANIZACIÓN SOCIAL VECINAL;53;19052024;18052026;LIMA ;LIMA;LIMA;150101;28062024
ORGANIZACIÓN SOCIAL DE BASE DE LOS COMITES DEL VASO DE LECHE DEL PRIMER NIVEL JR. MATIAS MAESTRO CODIGO 125, COMITÉ I – CERCADO DE LIMA;22062024;D000153-2024-MML-GDH-SPVV;28062024;ORGANIZACIÓN SOCIAL DE BASE;20;31052024;30052027;LIMA ;LIMA;LIMA;150101;28062024
ASOCIACION DE COMERCIANTES DEL MERCADO LA INMACULADA;28062024;D000154-2024-MML-GDH-SPVV;28062024;ORGANIZACIÓN SOCIAL ECONOMICA;70;22022024;21022026;LIMA ;LIMA;LIMA;150101;28062024
JUNTA VECINAL DEL BLOCK D-18 Y PERSONAS VULNERABLES;28062024;D000155-2024-MML-GDH-SPVV;28062024;ORGANIZACIÓN SOCIAL VECINAL;13;23062024;22062026;LIMA ;LIMA;LIMA;150101;28062024
ORGANIZACIÓN SOCIAL DE BASE  JARDÍN ROSA DE SANTA MARÍA CÓDIGO 046 COMITÉ 13;20062024;D000156-2024-MML-GDH-SPVV;28062024;ORGANIZACIÓN SOCIAL DE BASE;15;20042024;19042027;LIMA ;LIMA;LIMA;150101;28062024
ASENTAMIENTO HUMANO NUEVA CAJA DE AGUA CERCADO DE LIMA;6052024;D000131-2024-MML-GDH-SPVV;31052024;ORGANIZACIÓN SOCIAL VECINAL;202;21042024;21042026;LIMA ;LIMA;LIMA;150101;31052024
OLLA COMUN SANTA ROSA DE LIMA;12042024;D000130-2024-MML-GDH-SPVV;31052024;ORGANIZACIÓN SOCIAL DE BASE DE APOYO ALIMENTARIO;30;23032024;23032025;LIMA ;LIMA;LIMA;150101;31052024
ORGANIZACIÓN DE POBLADORES DEL ASENTAMIENTO HUMANO MARGINAL PERMANENTE MANZANILLA II;17052024;D000129-2024-MML-GDH-SPVV;31052024;ORGANIZACIÓN SOCIAL VECINAL;608;11062024;10062026;LIMA ;LIMA;LIMA;150101;31052024
JUNTA VECINAL ANTONIO RAYMONDI 17 CERCADO DE LIMA;6052024;D000126-2024-MML-GDH-SPVV;29052024;ORGANIZACIÓN SOCIAL VECINAL;10;18042024;17042026;LIMA ;LIMA;LIMA;150101;31052024
JARDIN ROSA DE SANTA MARIA CODIGO 46 COMITÉ 11;3052024;D000125-2024-MML-GDH-SPVV;2952024;ORGANIZACIÓN SOCIAL DE BASE DE APOYO ALIMENTARIO;26;19042024;18042027;LIMA ;LIMA;LIMA;150101;31052024
ORGANIZACIÓN SOCIAL DE BASE DEL PRIMER NIVEL DE LOS COMITÉS DEL VASO DE LECHE WASHINGTON 1012, CÓDIGO 083 – COMITÉ 1- CERCADO DE LIMA;6052024;D000124-2024-MML-GDH-SPVV;28052024;ORGANIZACIÓN SOCIAL DE BASE DE APOYO ALIMENTARIO;37;28042024;27042027;LIMA ;LIMA;LIMA;150101;31052024
ORGANIZACIÓN SOCIAL DE BASE DE PRIMER NIVEL DE LOS COMITÉS DEL VASO DE LECHE AVIACIÓN – GAMARRA CÓDIGO 99, COMITÉ 5 – CERCADO DE LIMA;10052024;D000123-2024-MML-GDH-SPVV;28052024;ORGANIZACIÓN SOCIAL DE BASE DE APOYO ALIMENTARIO;19;17022024;17022027;LIMA ;LIMA;LIMA;150101;31052024
ORGANIZACIÓN SOCIAL DE BASE DEL PRIMER NIVEL DE LOS COMITÉS DEL VASO DE LECHE “MANZANILLA II” CÓDIGO 76 COMITÉ 3 – (C) – CERCADO DE LIMA;15052024;D000122-2024-MML-GDH-SPVV;28052024;ORGANIZACIÓN SOCIAL DE BASE DE APOYO ALIMENTARIO;25;12022024;12022027;LIMA ;LIMA;LIMA;150101;31052024
JUNTA VECINAL LAS BRISAS;22052024;D000121-2024-MML-GDH-SPVV;27052024;ORGANIZACIÓN SOCIAL VECINAL;5;27042024;27042026;LIMA ;LIMA;LIMA;150101;31052024
MIRONES 1RA. ETAPA EN ACCION;17042024;D000120-2024-MML-GDH-SPVV;27052024;ORGANIZACIÓN SOCIAL VECINAL;8;27042024;26042026;LIMA ;LIMA;LIMA;150101;31052024
PARQUE PRIMAVERA;20052024;D000119-2024-MML-GDH-SPVV;27052024;ORGANIZACIÓN SOCIAL VECINAL;6;28042024;28042026;LIMA ;LIMA;LIMA;150101;31052024
JUVENTUD LATINOAMERICANA SIN FRONTERAS – PERU;20052024;D000118-2024-MML-GDH-SPVV;27052024;TIPO DE ORGANIZACIÓN TEMÁTICA - JUVENIL;3;14052024;14052026;LIMA ;LIMA;LIMA;150101;31052024
ASOCIACION DE TRABAJADORES INDEPENDIENTES VIRGEN DEL ROSARIO;21052024;D000117-2024-MML-GDH-SPVV;27052024;ORGANIZACIÓN TEMATICA;25;23012023;23012025;LIMA ;LIMA;LIMA;150101;31052024
COMITÉ DE GESTIÓN INTEGRACIÓN VECINAL AMAZONAS CDRA 2, 3, 4 Y 5;6042024;D000116-2024-MML-GDH-SPVV;24052024;ORGANIZACIÓN SOCIAL VECINAL;28;28012024;28012027;LIMA ;LIMA;LIMA;150101;31052024
COMITÉ VECINAL DE LA CALLE 1 DEL PUEBLO JOVEN PRIMERO DE SETIEMBRE;15032024;D000115-2024-MML-GDH-SPVV;27052024;ORGANIZACIÓN SOCIAL VECINAL;31;26092023;26092025;LIMA ;LIMA;LIMA;150101;31052024
JARDIN ROSA DE SANTA MARIA CODIGO 46 COMITÉ 06;2052024;D000114-2024-MML-GDH-SPVV;23052024;ORGANIZACIÓN SOCIAL DE BASE DE APOYO ALIMENTARIO;29;15032024;14032027;LIMA ;LIMA;LIMA;150101;31052024
JARDIN ROSA DE SANTA MARIA CODIGO 46 COMITÉ 09;1052024;D000113-2024-MML-GDH-SPVV;23052024;ORGANIZACIÓN SOCIAL DE BASE DE APOYO ALIMENTARIO;26;23032024;22032027;LIMA ;LIMA;LIMA;150101;31052024
JUNTA DE VECINOS UNIDOS DE LA AVENIDA PARAGUAY CUA+A3:A16DRA 4 Y PLAZA BOLOGNESI CUADRA 5;4042024;D000111-2024-MML-GDH-SPVV;22052024;ORGANIZACIÓN SOCIAL VECINAL;10;25032024;25032026;LIMA ;LIMA;LIMA;150101;31052024
JUNTA VECINAL UNIDOS POR EL CAMBIO;23042024;D000104-2024-MML-GDH-SPVV;30042024;ORGANIZACIÓN VECINAL;5;4022024;4022024;LIMA ;LIMA;LIMA;150101;7052024
JUNTA VECINAL ANTONIO RAIMONDI CERCADO DE LIMA;27042024;D000103-2024-MML-GDH-SPVV;30042024;ORGANIZACIÓN VECINAL;44;8012024;8012026;LIMA ;LIMA;LIMA;150101;7052024
ASOCIACIÓN DE VECINOS UNIDOS AVIACIÓN Y ALREDEDORES;17042024;D000100-2024-MML-GDH-SPVV;30042024;ORGANIZACIÓN VECINAL;15;7032024;7032028;LIMA ;LIMA;LIMA;150101;7052024
ORGANIZACIÓN SOCIAL DE BASE DEL PRIMER NIVEL DE LOS COMITÉS DEL VASO DE LECHE MERCEDARIAS CÓDIGO 53, COMITÉ 6 – CECADO DE LIMA;27042024;D000099-2024-MML-GDH-SPVV;30042024;ORGANIZACIÓN SOCIAL DE BASE DE APOYO ALIMENTARIO;18;18042024;17042027;LIMA ;LIMA;LIMA;150101;7052024
ORGANIZACIÓN SOCIAL DE BASE DEL PRIMER NIVEL DE LOS COMITES DEL VASO DE LECHE EL PLANETA ZONA A CODIGO 138 COMITÉ ÚNICO – CERCADO DE LIMA;9042024;D000098-2024-MML-GDH-SPVV;29042024;ORGANIZACIÓN SOCIAL DE BASE DE APOYO ALIMENTARIO;33;15012024;14012027;LIMA ;LIMA;LIMA;150101;7052024
ORGANIZACIÓN SOCIAL DE BASE DEL PRIMER NIVEL DE LOS COMITES DEL VASO DE LECHE ENRIQUE PALACIOS CODIGO 38 COMITÉ ÚNICO – CERCADO DE LIMA;5042024;D000097-2024-MML-GDH-SPVV;29042024;ORGANIZACIÓN SOCIAL DE BASE DE APOYO ALIMENTARIO;46;3022024;2022027;LIMA ;LIMA;LIMA;150101;7052024
JUNTA VECINAL DE PROPIETARIOS Y RESIDENTES DEL PARQUE GARCIA LASTRES (EL SOL) Y CALLE JUAN DE DIOS BEDOYA Y SEIJAS;9042024;D000096-2024-MML-GDH-SPVV;29042024;ORGANIZACIÓN VECINAL;25;21102023;21102025;LIMA ;LIMA;LIMA;150101;7052024
ORGANIZACIÓN SOCIAL DE BASE DEL PRIMER NIVEL DE LOS COMITÉS DEL VASO DE LECHE ZONA 3 ILO CÓDIGO 085 COMITÉ ÚNICO – CERCADO DE LIMA;9042024;D000095-2024-MML-GDH-SPVV;29042024;ORGANIZACIÓN SOCIAL DE BASE DE APOYO ALIMENTARIO;23;15032024;14032027;LIMA ;LIMA;LIMA;150101;7052024
ORGANIZACIÓN SOCIAL DE BASE DE LOS COMITES DEL VASO DE LECHE  AV. SANCHO DE RIVERA MONSERRAT COD 164 COMITÉ 1 – CERCADO DE LIMA;8042024;D000094-2024-MML-GDH-SPVV;29042024;ORGANIZACIÓN SOCIAL DE BASE DE APOYO ALIMENTARIO;26;30032024;29032027;LIMA ;LIMA;LIMA;150101;7052024
ORGANIZACIÓN SOCIAL DE BASE DE PRIMER NIVEL CLUB DE MADRES SANTA ROSA ZONA C;23042024;D000093-2024-MML-GDH-SPVV;23042024;ORGANIZACIÓN SOCIAL DE BASE DE APOYO ALIMENTARIO;16;16112023;15112025;LIMA ;LIMA;LIMA;150101;7052024
CLUB DE MADRES SANTA TERESITA 1º DE SETIEMBRE;18042024;D000092-2024-MML-GDH-SPVV;23042024;ORGANIZACIÓN SOCIAL DE BASE DE APOYO ALIMENTARIO;31;19032024;18032024;LIMA ;LIMA;LIMA;150101;7052024
ORGANIZACIÒN SOCIAL DE BASE COMEDOR POPULAR PETISO I;25032024;D000091-2024-MML-GDH-SPVV;23042024;ORGANIZACIÓN SOCIAL DE BASE DE APOYO ALIMENTARIO;16;23032024;22032026;LIMA ;LIMA;LIMA;150101;7052024
ORGANIZACIÓN SOCIAL DE BASE DE PRIMER NIVEL DEL AA.HH. SANTA ROSA DE MIRONES ALTOS CLUB DE MADRES CULTURAL SAN MARTIN DE PORRES;9042024;D000090-2024-MML-GDH-SPVV;23042024;ORGANIZACIÓN SOCIAL DE BASE DE APOYO ALIMENTARIO;33;29022024;29022026;LIMA ;LIMA;LIMA;150101;7052024
ASOCIACIÓN CLUB DE MADRES POR UN MUNDO MEJOR;26032024;D000089-2024-MML-GDH-SPVV;23042024;ORGANIZACIÓN SOCIAL DE BASE DE APOYO ALIMENTARIO;81;15022023;14022025;LIMA ;LIMA;LIMA;150101;7052024
ORGANIZACIÓN SOCIAL DE BASE JARDÍN ROSA DE SANTA MARÍA CÓDIGO 046 COMITÉ 05;10042024;D000088-2024-MML-GDH-SPVV;23042024;ORGANIZACIÓN SOCIAL DE BASE DE APOYO ALIMENTARIO;13;25022024;24022027;LIMA ;LIMA;LIMA;150101;7052024
ORGANIZACIÓN SOCIAL DE BASE JARDÍN ROSA DE SANTA MARÍA CÓDIGO 046 COMITÉ 04;12042024;D000087-2024-MML-GDH-SPVV;23042024;ORGANIZACIÓN SOCIAL DE BASE DE APOYO ALIMENTARIO.;18;20022024;19022027;LIMA ;LIMA;LIMA;150101;7052024
ORGANIZACIÓN SOCIAL DE BASE JARDÍN ROSA DE SANTA MARÍA CÓDIGO 046 COMITÉ 02;9042024;D000086-2024-MML-GDH-SPVV;23042024;ORGANIZACIÓN SOCIAL DE BASE DE APOYO ALIMENTARIO.;15;28022024;27022027;LIMA ;LIMA;LIMA;150101;7052024
ASOCIACIÓN DE COMERCIANTES AVE FÉNIX;7032024;D000084-2024-MML-GDH-SPVV;10042024;ORGANIZACIÓN ECONOMICA ;86;12122023;12122026;LIMA ;LIMA;LIMA;150101;7052024
ASOCIACIÓN DE VIVIENDA LA QUINTA DE MEIGGS;15032024;D000083-2024-MML-GDH-SPVV;10042024;ORGANIZACIÓN VECINAL;14;5032024;4032027;LIMA ;LIMA;LIMA;150101;7052024
ORGANIZACIÓN DEL ASENTAMIENTO HUMANO AL FIN UNIDOS;23012021;D000082-2024-MML-GDH-SPVV;9042024;ORGANIZACIÓN VECINAL;39;3122023;21022025;LIMA ;LIMA;LIMA;150101;7052024
ORGANIZACIÓN SOCIAL DE BASE DE LOS COMITES DEL VASO DE LECHE JR. JUNIN CUADRAS 11,12, 13 Y 14 BARRIOS ALTOS CODIGO N° 44 COMITÉ 11 – CERCADO DE LIMA;28022024;D000081-2024-MML-GDH-SPVV;5042024;ORGANIZACIÓN SOCIAL DE BASE DE APOYO ALIMENTARIO;14;18122023;17122026;LIMA ;LIMA;LIMA;150101;7052024
ORGANIZACIÓN SOCIAL DE BASE DE LOS COMITÉS DEL VASO DE LECHE CONCHUCOS CODIGO 51 COMITÉ 1 – CERCADO DE LIMA;12032024;D000080-2024-MML-GDH-SPVV;3042024;ORGANIZACIÓN SOCIAL DE BASE DE APOYO ALIMENTARIO.;33;25022024;24022027;LIMA ;LIMA;LIMA;150101;7052024
JUNTA VECINAL EL PLANETA – ZONA D;2022024;D000056-2024-MML-GDH-SPVV;29022024;ORGANIZACIÓN VECINAL;21;15032023;15032025;LIMA ;LIMA;LIMA;150101;7032024
ASOCIACIÓN DE CHOCLITOS DE LIMA – ASOCHOLIMA;6122023;D000055-2024-MML-GDH-SPVV;29022024;ORGANIZACIÓN ECONOMICA;15;8012024;7012026;LIMA ;LIMA;LIMA;150101;7032024
ORGANIZACIÓN SOCIAL DE BASE DE LOS COMITÉS DEL VASO DE LECHE NUEVA CAJA DE AGUA CÓDIGO 95, COMITÉ 5 – CERCADO DE LIMA;26022024;D000054-2024-MML-GDH-SPVV;29022024;ORGANIZACIÓN SOCIAL DE BASE ;28;19012024;18012027;LIMA ;LIMA;LIMA;150101;7032024
ORGANIZACIÓN SOCIAL DE BASE DE LOS COMITÉS DEL VASO DE LECHE JR. JUNIN CDRAS 11-12-13-14 BARRIOS ALTOS CODIGO 44 COMITÉ 03 CERCADO DE LIMA;26022024;D000053-2024-MML-GDH-SPVV;29022024;ORGANIZACIÓN SOCIAL DE BASE ;16;18012024;17012027;LIMA ;LIMA;LIMA;150101;7032024
OSB CLUB DE MADRES COMEDOR SEÑOR DE LOS MILAGROS COD. CC.020389 – CERCADO DE LIMA;23022024;D000052-2024-MML-GDH-SPVV;29022024;ORGANIZACIÓN SOCIAL DE BASE ;27;16062023;15062025;LIMA ;LIMA;LIMA;150101;7032024
ORGANIZACIÓN SOCIAL DE BASE DEL PRIMER NIVEL DE LOS COMITES DEL VASO DE LECHE JUNTA VECINAL MIROQUESADA CODIGO 50 COMITÉ 01 CERCADO DE LIMA;7022024;D000051-2024-MML-GDH-SPVV;29022024;ORGANIZACIÓN SOCIAL DE BASE ;22;30062023;30062026;LIMA ;LIMA;LIMA;150101;7032024
JR. HUANTA CDRA. 10 CODIGO 134 COMITÉ UNICO CERCADO DE LIMA;26012024;D000050-2024-MML-GDH-SPVV;29022024;ORGANIZACIÓN SOCIAL DE BASE ;17;21092023;21092026;LIMA ;LIMA;LIMA;150101;7032024
OSB CLUB DE MADRES COMEDOR PARROQUIAL BELEN DE RAMON CARCAMO CODIGO CCLC0056 DISTRITO DE CERCADO DE LIMA;19022024;D000048-2024-MML-GDH-SPVV;27022024;ORGANIZACIÓN SOCIAL DE BASE ;26;16012024;15012026;LIMA ;LIMA;LIMA;150101;7032024
JR.CUZCO CDRAS. 9, 10 Y 11 CODIGO 108 COMITÉ UNICO;19012024;D000039-2024-MML-GDH-SPVV;26022024;ORGANIZACIÓN SOCIAL DE BASE ;17;13082024;13082026;LIMA ;LIMA;LIMA;150101;7032024
ORGANIZACIÓN SOCIAL DE BASE DE PRIMER NIVEL DEL CLUB DE MADRES VILLA MERCEDES COD. 20258;29012024;D000036-2024-MML-GDH-SPVV;26022024;ORGANIZACIÓN SOCIAL DE BASE ;22;18012024;17012026;LIMA ;LIMA;LIMA;150101;7032024
ASOCIACION DE COMERCIANTES LOS ANDES;29112023;D000035-2024-MML-GDH-SPVV;22022024;ORGANIZACIÓN ECONOMICA;11;17112023;16112025;LIMA ;LIMA;LIMA;150101;7032024
ASOCIACION DE COMERCIANTES DE LIBROS Y REVISTAS CIENCIA Y CULTURA;18102023;D000034-2024-MML-GDH-SPVV;22022024;ORGANIZACIÓN ECONOMICA;8;21082022;21082022;LIMA ;LIMA;LIMA;150101;7032024
ASOCIACION DE VIVIENDA JIRON LAMPA N° 1023, 1023A Y 1025 - LIMA;18012024;D000032-2024-MML-GDH-SPVV;21022024;ORGANIZACIÓN VECINAL;16;6012024;6012026;LIMA ;LIMA;LIMA;150101;7032024
COMEDOR MADRE PROGRESISTA;31012024;D000029-2024-MML-GDH-SPVV;7022024;ORGANIZACIÓN SOCIAL DE BASE ;20;5012024;4012026;LIMA ;LIMA;LIMA;150101;7032024
ORGANIZACIÓN SOCIAL DE BASE DEL PRIMER NIVEL DE LOS COMITES DEL VASO DE LECHE MANZANILLA II CODIGO 76 COMITÉ 5 (E) - CERCADO DE LIMA;19012024;D000028-2024-MML-GDH-SPVV;29012024;ORGANIZACIÓN SOCIAL DE BASE ;15;15082023;15082026;LIMA ;LIMA;LIMA;150101;7032024
ASOCIACIÓN VECINAL SALVEMOS EL TRIÁNGULO DE LIMA;29122023;D000027-2024-MML-GDH-SPVV;25012024;ORGANIZACIÓN VECINAL;123;11112023;11112025;LIMA ;LIMA;LIMA;150101;7032024
JUNTA VECINAL QUINTA ROJA - JR. ICA 950;4012024;D000025-2024-MML-GDH-SPVV;25012024;ORGANIZACIÓN VECINAL;26;15122023;15122025;LIMA ;LIMA;LIMA;150101;7032024
JUNTA VECINAL PRO VECINOS PSJE. LOS ARTESANOS CDRA.01, JR. LETICIA CDRA.07, JR. AYACUCHO CDRA.09, Y AV. NICOLAS DE PIEROLA CDRA.15;20122023;D000022-2024-MML-GDH-SPVV;23012024;ORGANIZACIÓN VECINAL;12;30092023;30092027;LIMA ;LIMA;LIMA;150101;7032024
ASOCIACION VIRGEN MARIA DE GUADALUPE DE LA AV. SEBASTIAN LORENTE 736 – LIMA 1;16012024;D000019-2024-MML-GDH-SPVV;23012024;ORGANIZACIÓN VECINAL;11;2092023;1092025;LIMA ;LIMA;LIMA;150101;7032024
JUNTA VECINAL DEL PARQUE EGIPTO;23122023;D000018-2024-MML-GDH-SPVV;23012024;ORGANIZACIÓN VECINAL;10;23042023;23042024;LIMA ;LIMA;LIMA;150101;7032024
ASOCIACION DE VENDEDORES MOVILES DE PRODUCTOS Y BEBIDAS TRADICIONALES ELABORADOS SAN ROQUE;19102023;D000015-2024-MML-GDH-SPVV;23012024;ORGANIZACIÓN ECONOMICA;16;20032023;19032025;LIMA ;LIMA;LIMA;150101;7032024
ASENTAMIENTO HUMANO SANTA ROSA;19102023;D000013-2024-MML-GDH-SPVV;23012024;ORGANIZACIÓN VECINAL;8;29102023;29102024;LIMA ;LIMA;LIMA;150101;7032024
JUNTA DE VECINOS DE LA QUINTA CORAZÓN DE JESÚS;13122023;D000008-2024-MML-GDH-SPVV;12012024;ORGANIZACIÓN VECINAL;9;6122023;6122025;LIMA ;LIMA;LIMA;150101;7032024
JUNTA VECINAL VICTORINO LAYNEZ CUADRA 14;16102023;D000007-2024-MML-GDH-SPVV;11012024;ORGANIZACIÓN VECINAL;142;10092023;10092025;LIMA ;LIMA;LIMA;150101;7032024
JUNTA DE VECINOS DEL EDIFICIO K - 4;15092023;D000006-2024-MML-GDH-SPVV;9012024;ORGANIZACIÓN VECINAL;22;1102023;30092024;LIMA ;LIMA;LIMA;150101;7032024
ASOCIACION EMPRENDIMIENTO Y RENOVACION DEL CERCADO DE LIMA;13112023;D000005-2024-MML-GDH-SPVV;9012024;ORGANIZACIÓN ECONOMICA;6;11092023;10092026;LIMA ;LIMA;LIMA;150101;7032024
ASOCIACION METROPOLITANA DE DISCAPACITADOS - AMEDIS;1122023;D000003-2024-MML-GDH-SPVV;8012024;ORGANIZACIONES POBLACIONES VULNERABLES;13;6062023;5052025;LIMA ;LIMA;LIMA;150101;7032024
ASOCIACION DE VIVIENDA QUINTA SANTA ROSA;17102023;D000002-2024-MML-GDH-SPVV;8012024;ORGANIZACIÓN VECINAL;13;23042023;23042025;LIMA ;LIMA;LIMA;150101;7032024
OBRA SOCIAL CASA DE SAN MARTIN DE PORRES;3072024;D000158-2024-MML-GDH-SPVV;8072024;ORGANIZACIÓN SOCIAL DE BASE DE APOYO ALIMENTARIO;18;17062024;16062027;LIMA ;LIMA;LIMA;150101;31072024
ORGANIZACIÓN SOCIAL DE BASE DEL VASO DE LECHE DEL PRIMER NIVEL JR. CAYLLOMA CUADRA 6 Y 7 COD.193 – LIMA CERCADO;5072024;D000161-2024-MML-GDH-SPVV;16072024;ORGANIZACIÓN SOCIAL DE BASE DE APOYO ALIMENTARIO;36;5052024;4052027;LIMA ;LIMA;LIMA;150101;31072024
OSB CLUB DE MADRES CORAZON DE JESUS JR. TENIENTE RODRIGUEZ BARRIOS ALTOS – CERCADO DE LIMA;2072024;D000162-2024-MML-GDH-SPVV;16072024;ORGANIZACIÓN SOCIAL DE BASE DE APOYO ALIMENTARIO;15;11072024;10072026;LIMA ;LIMA;LIMA;150101;31072024
CLUB DE MADRES VIRGEN DE CHAPI – AA.HH. EL PLANETA – LIMA. CODIGO 20311;5072024;D000163-2024-MML-GDH-SPVV;17072024;ORGANIZACIÓN SOCIAL DE BASE DE APOYO ALIMENTARIO;27;13092023;12092025;LIMA ;LIMA;LIMA;150101;31072024
ASOCIACION DE POBLADORES DE CONDE DE LA VEGA ALTA;1072024;D000166-2024-MML-GDH-SPVV;18072024;ORGANIZACIÓN SOCIAL VECINA;37;28042024;28042026;LIMA ;LIMA;LIMA;150101;31072024
ORGANIZACIÓN SOCIAL DE BASE DEL PRIIMER NIVEL DE LOS COMITES DEL VASO DE LECHE SANDIA Y ALJOVIN CODIGO 185 – CERCADO DE LIMA;11072024;D000167-2024-MML-GDH-SPVV;18072024;ORGANIZACIÓN SOCIAL DE BASE DE APOYO ALIMENTARIO;25;10042024;9042027;LIMA ;LIMA;LIMA;150101;31072024
RAPBUCA;18072024;D000171-2024-MML-GDH-SPVV;31072024;ORGANIZACIÓN TEMÁTICA;10;8072024;7072026;LIMA ;LIMA;LIMA;150101;31072024
ORGANIZACIÓN SOCIAL DE BASE DE LOS COMITES DEL VASO DE LECHE SANTA BEATRIZ CODIGO 81;19072024;D000172-2024-MML-GDH-SPVV;31072024;ORGANIZACIÓN SOCIAL DE BASE DE APOYO ALIMENTARIO;21;31052024;30052027;LIMA ;LIMA;LIMA;150101;31072024
CRAZY HOP;18072024;D000173-2024-MML-GDH-SPVV;31072024;ORGANIZACIÓN TEMÁTICA;5;15072024;15072026;LIMA ;LIMA;LIMA;150101;31072024
COMITÉ VECINAL JR. ERNESTO MALINOWSKY CDRA. 4 URB. MATEO SALADO – CERCADO DE LIMA;25072024;D000174-2024-MML-GDH-SPVV;31072024;ORGANIZACIÓN SOCIAL VECINAL;21;23062024;23062025;LIMA ;LIMA;LIMA;150101;31072024
ORGANIZACIÓN SOCIAL DE BASE CLAVELES DE LIMA CODIGO 158 COMITÉ UNICO;26072024;D000175-2024-MML-GDH-SPVV;31072024;ORGANIZACIÓN SOCIAL DE BASE DE APOYO ALIMENTARIO;21;9072024;8072027;LIMA ;LIMA;LIMA;150101;31072024
GRUPO VIGILANCIA TOXICOLOGICA – VITOX;22072024;D000176-2024-MML-GDH-SPVV;31072024;ORGANIZACIÓN SOCIAL TEMÁTICA JUVENIL;8;20122023;20122025;LIMA ;LIMA;LIMA;150101;31072024
ASOCIACION DE POBLADORES DEL BARRIO OBRERO PRIMERO DE MAYO;18072024;D000177-2024-MML-GDH-SPVV;31072024;ORGANIZACIÓN SOCIAL VECINAL;160;24062024;23062027;LIMA ;LIMA;LIMA;150101;31072024
ASOCIACION DE POBLADORES DEL ASENTAMIENTO HUMANO JARDIN ROSA DE SANTA MARIA;30072024;D000179-2024-MML-GDH-SPVV;31072024;ORGANIZACIÓN SOCIAL VECINAL;25;25062024;25062026;LIMA ;LIMA;LIMA;150101;31072024
PUEBLO JOVEN LOS ANGELES;20052024;D000183-2024-GDH-SPVV;7082024;ORGANIZACIÓN SOCIAL VECINAL;112;21072024;21072026;LIMA ;LIMA;LIMA;150101;31082024
ORGANIZACIÓN SOCIAL DE BASE DE LOS COMITES DEL VASO DE LECHE DEL PRIMER NIVEL JR. ANCASH CDRAS 9, 10, 11 CODIGO 137 COMITÉ 03 CERCADO DE LIMA;1082024;D000184-2024-GDH-SPVV;7082025;ORGANIZACIÓN SOCIAL DE BASE DE APOYO ALIMENTARIO;24;25062024;24062027;LIMA ;LIMA;LIMA;150101;31082024
VECINOS UNIDOS EN EL BICENTENARIO;8082024;D000186-2024-GDH-SPVV;12082024;ORGANIZACIÓN SOCIAL VECINAL;6;28082024;28082027;LIMA ;LIMA;LIMA;150101;31082024
JUNTA VECINAL DE LA CALLE 3 DEL CERCADO DE LIMA;2082024;D000187-2024-GDH-SPVV;12082024;ORGANIZACIÓN SOCIAL VECINAL;26;9082023;8082025;LIMA ;LIMA;LIMA;150101;31082024
ASENTAMIENTO HUMANO ASOCIACION DE MORADORES DE PROLONGACION HUANCAVELICA CUADRAS 17 Y 18;12082024;D000193-2024-GDH-SPVV;21082024;ORGANIZACIÓN SOCIAL VECINAL;25;26022023;26022025;LIMA ;LIMA;LIMA;150101;31082024
ASOCIACION EL SOLAR DEL ARCO;9082024;D000194-2024-GDH-SPVV;21082024;ORGANIZACIÓN SOCIAL VECINAL;15;24112023;23112026;LIMA ;LIMA;LIMA;150101;31082024
CHACRARIOS FC CERCADO DE LIMA;19082024;D000195-2024-GDH-SPVV;23082024;ORGANIZACIÓN DEPORTIVA;12;1042024;30042027;LIMA ;LIMA;LIMA;150101;31082024
JUNTA VECINAL UNIDOS EN ACCION;19082024;D000196-2024-GDH-SPVV;23082024;ORGANIZACIÓN SOCIAL VECINAL;9;7082024;7082025;LIMA ;LIMA;LIMA;150101;31082024
JUNTA VECINAL DEL PARQUE CARLOS LISSON, STA NICERATA CDRA. 3, CENTRO COMERCIAL LOS BANCARIOS, TERCERA ETAPA DE PANDO CERCADO – LIMA;19082024;D000197-2024-GDH-SPVV;23082024;ORGANIZACIÓN SOCIAL VECINAL;13;13082024;13082027;LIMA ;LIMA;LIMA;150101;31082024
JUNTA VECINAL DE LAS CALLES EDUARDO DEL CASTILLO CUADRAS 23 Y 24;16082024;D000198-2024-GDH-SPVV;23082024;ORGANIZACIÓN SOCIAL VECINAL;58;3082024;3082027;LIMA ;LIMA;LIMA;150101;31082024
CLUB DE MADRES GONZALES PRADA;19082024;D000199-2024-GDH-SPVV;27082024;ORGANIZACIÓN SOCIAL DE BASE DE APOYO ALIMENTARIO;98;19082024;18082026;LIMA ;LIMA;LIMA;150101;31082024
AGRUPACION VECINAL A. PORTUGAL Y PRIETO CDRA. 13 Y 14 – LOS CIPRESES;19062024;D000202-2024-GDH-SPVV;28082024;ORGANIZACIÓN SOCIAL VECINAL;123;12042024;12042026;LIMA ;LIMA;LIMA;150101;31082024
JUNTA VECINAL DEL JIRON CAJATAMBO Y PARQUE CLORINDA MATTO DE TURNER NUEVA VISION;21082024;D000200-2024-GDH-SPVV;28082024;ORGANIZACIÓN SOCIAL VECINAL;14;2082024;1082026;LIMA ;LIMA;LIMA;150101;31082024
JUNTA VECINAL DEL  CUADRANTE N° 160- SECTOR 19;19082024;D000203-2024-GDH-SPVV;28082024;ORGANIZACIÓN SOCIAL VECINAL;61;15082024;14082026;LIMA ;LIMA;LIMA;150101;31082024
DAMAS DE ORO;20082024;D000201-2024-GDH-SPVV;28082024;ORGANIZACIÓN SOCIAL VECINAL;10;23072024;23072027;LIMA ;LIMA;LIMA;150101;31082024
ASOCIACION DE PROPIETARIOS E INQUILINOS EDIFICIO ABANCAY;26082024;D000204-2024-GDH-SPVV;28082024;ORGANIZACIÓN SOCIAL VECINAL;49;20082024;20082026;LIMA ;LIMA;LIMA;150101;31082024
COMEDOR PALERMO II - CODIGO 020741-CERCADO DE LIMA;22082024;D000205-2024-GDH-SPVV;28082024;ORGANIZACIÓN SOCIAL DE BASE DE APOYO ALIMENTARIO;22;9082024;8082026;LIMA ;LIMA;LIMA;150101;31082024
JUNTA VECINAL DE LA 4TA. ZONA UNION Y BIENESTAR;19082024;D000206-2024-GDH-SPVV;28082024;ORGANIZACIÓN SOCIAL VECINAL;6;15082024;15082026;LIMA ;LIMA;LIMA;150101;31082024
JUNTA VECINAL DEL PARQUE MEDALLA DE LA VIRGEN MILAGROSA (PARQUE N°8) DE LA CALLE CESAR FIGUEROA TOLEDO, CALLE NICOLAS CAMACHO, CALLE MARQUESADO;13062024;D000207-2024-GDH-SPVV;29082024;ORGANIZACIÓN SOCIAL VECINAL;21;25092023;25092025;LIMA ;LIMA;LIMA;150101;31082024
CLUB JUVENTUD SANTA ROSA;24082024;D000208-2024-GDH-SPVV;29082024;ORGANIZACIÓN SOCIAL VECINAL;13;20082024;20082027;LIMA ;LIMA;LIMA;150101;31082024
JUNTA VECINAL DEL PARQUE EGIPTO;29082024;D000209-2024-GDH-SPVV;29082024;ORGANIZACIÓN SOCIAL VECINAL;10;26082024;26082025;LIMA ;LIMA;LIMA;150101;31082024
LOS JARDINES DE GUAL;29082024;D000210-2024-GDH-SPVV;29082024;ORGANIZACIÓN SOCIAL VECINAL;8;21082024;21082027;LIMA ;LIMA;LIMA;150101;31082024
SINDICATO DE TRABAJADORES EMOLIENTEROS DEL CENTRO HISTORICO DEL CERCADO DE LIMA 7 DE JUNIO SITECEL;31072024;D000246-2024-GDH-SPVV;1102024;ORGANIZACIÓN ECONÓMICA;43;29092023;28092025;LIMA;LIMA;LIMA;150101;31102024
CASA DEL ADULTO MAYOR DEL AA.HH PRIMERO DE SETIEMBRE – CERCADO DE LIMA;13082024;D000247-2024-GDH-SPVV;1102024;ORGANIZACIÓN TEMÁTICA;44;24072024;24072026;LIMA;LIMA;LIMA;150101;31102024
ASOCIACION CONFRATERNIDAD, CULTURAL, DEPORTIVA Y DESARROLLO DE ELIO – ACUDELIO;26082024;D000248-2024-GDH-SPVV;3102024;ORGANIZACIÓN SOCIAL VECINAL;16;1102023;30092025;LIMA;LIMA;LIMA;150101;31102024
ORGANIZACIÓN SOCIAL DE BASE DEL PRIMER NIVEL DE LOS COMITES DEL VASO DE LECHE JUNIN CDRAS. 11, 12 13 Y 14 CODIGO 44 COMITÉ 07 – CERCADO DE LIMA;26092024;D000250-2024-GDH-SPVV;11102024;ORGANIZACIÓN SOCIAL DE BASE DE APOYO ALIMENTARIO;15;25082024;24082027;LIMA;LIMA;LIMA;150101;31102024
ORGANIZACIÓN SOCIAL DE BASE DEL PRIMER NIVEL DE LOS COMITES DEL VASO DE LECHE MANZANILLA II CODIGO 76 COMITÉ 12 (M-L) - CERCADO DE LIMA;25092024;D000251-2024-GDH-SPVV;11102024;ORGANIZACIÓN SOCIAL DE BASE DE APOYO ALIMENTARIO;26;19072024;18072027;LIMA;LIMA;LIMA;150101;31102024
ORGANIZACIÓN SOCIAL DE BASE DE LOS COMITES DEL VASO DE LECHE SANTA ROSA CODIGO 87 – CERCADO DE LIMA;25092024;D000252-2024-GDH-SPVV;11102024;ORGANIZACIÓN SOCIAL DE BASE DE APOYO ALIMENTARIO;40;9082024;8082027;LIMA;LIMA;LIMA;150101;31102024
ASOCIACION DE VENDEDORES DE EMOLIENTES SAN FRANCISCO DE ASIS – LIMA CERCADO;26092024;D000253-2024-GDH-SPVV;14102024;ORGANIZACIÓN ECONÓMICA;25;9082024;8082027;LIMA;LIMA;LIMA;150101;31102024
ORGANIZACIÓN SOCIAL DE BASE DE LOS COMITES DEL VASO DE LECHE DE PRIMER NIVEL JR. ANCASH CDRAS. 9 Y 10 CODIGO 137 COMITÉ 02 – CERCADO DE LIMA;4102024;D000254-2024-GDH-SPVV;16102024;ORGANIZACIÓN SOCIAL DE BASE DE APOYO ALIMENTARIO;18;30082024;29082027;LIMA;LIMA;LIMA;150101;31102024
ASOCIACION DE PROTECCION SOCIAL ANDINA;5082024;D000255-2024-GDH-SPVV;16102024;ORGANIZACIÓN ECONÓMICA;25;6052024;5052027;LIMA;LIMA;LIMA;150101;31102024
ORGANIZACIÓN SOCIAL DE BASE CARRIZAL EL CARMEN CODIGO 71 COMITÉ UNICO;29082024;D000256-2024-GDH-SPVV;16102024;ORGANIZACIÓN SOCIAL DE BASE DE APOYO ALIMENTARIO;17;29042024;28042027;LIMA;LIMA;LIMA;150101;31102024
ORGANIZACIÓN SOCIAL DE BASE DEL PRIMER NIVEL DE LOS COMITES DEL VASO DE LECHE 1ro DE SETIEMBRE – CODIGO 23, COMITÉ MZ. Q - CERCADO DE LIMA;14082024;D000257-2024-GDH-SPVV;16102024;ORGANIZACIÓN SOCIAL DE BASE DE APOYO ALIMENTARIO;11;2072024;2072027;LIMA;LIMA;LIMA;150101;31102024
ORGANIZACIÓN SOCIAL DE BASE DEL PRIMER NIVEL DE LOS COMITES DEL VASO DE LECHE JARDIN PRIMAVERA BARRIOS ALTOS, CODIGO 88 COMITÉ 1 – CERCADO DE LIMA;8092024;D000258-2024-GDH-SPVV;16102024;ORGANIZACIÓN SOCIAL DE BASE DE APOYO ALIMENTARIO;32;21062024;20062027;LIMA;LIMA;LIMA;150101;31102024
OSB CLUB DE MADRES SARITA COLONIA DEL ASENTAMIENTO HUMANO LUIS PARDO – CERCADO DE LIMA;9102024;D000265-2024-GDH-SPVV;22102024;ORGANIZACIÓN SOCIAL DE BASE DE APOYO ALIMENTARIO;16;21102024;20102025;LIMA;LIMA;LIMA;150101;31102024
EDIFICIO PAIVA;11102024;D000268-2024-GDH-SPVV;28102024;ORGANIZACIÓN SOCIAL VECINAL;5;8082024;8082026;LIMA;LIMA;LIMA;150101;31102024
ORGANIZACION SOCIAL DE BASE DE LOS COMITES DEL VASO DE LECHE DEL SEGUNDO NIVEL DE LIMA CERCADO;22082024;D000271-2024-GDH-SPVV;31102024;ORGANIZACIÓN SOCIAL DE BASE DE APOYO ALIMENTARIO;127;1072024;1072027;LIMA;LIMA;LIMA;150101;31102024
CLUB DE MADRES SANTA ROSA DE LIMA MIRONES BAJO – CERCADO DE LIMA;29102024;D000272-2024-GDH-SPVV;31102024;ORGANIZACIÓN SOCIAL DE BASE DE APOYO ALIMENTARIO;7;6112024;5112026;LIMA;LIMA;LIMA;150101;31102024
ALFÉREZ DE FRAGATA RICARDO HERRERA CUADRA 5;21102024;D000273-2024-GDH-SPVV;31102024;ORGANIZACIÓN SOCIAL VECINAL;21;22092024;22092027;LIMA;LIMA;LIMA;150101;31102024
ASOCIACION DE MICRO COMERCIANTES AUTOGESTIONARIOS DE LIMA CERCADO;20112024;D000315-2024-GDH-SPVV;4122024;ORGANIZACIÓN ECONÓMICA;43;5112024;5112026;LIMA;LIMA;LIMA;150101;31122024
ORGANIZACIÓN SOCIAL DE BASE (OSB) CLUB DE MADRES VIRGEN INMACULADA CONCEPCION -CERCADO DE LIMA;19112024;D000316-2024-GDH-SPVV;4122024;ORGANIZACIÓN SOCIAL DE BASE DE APOYO ALIMENTARIO;44;22092024;22092026;LIMA;LIMA;LIMA;150101;31122024
OSB CLUB DE MADRES SANTA ROSA DE LIMA DE CONDE DE LA VEGA BAJA CERCADO DE LIMA,;26112024;D000317-2024-GDH-SPVV;4122024;ORGANIZACIÓN SOCIAL DE BASE DE APOYO ALIMENTARIO;16;29112024;30092025;LIMA;LIMA;LIMA;150101;31122024
JUNTA VECINAL VIRGEN DE GUADALUPE;28112026;D000318-2024-GDH-SPVV;4122024;ORGANIZACIÓN SOCIAL VECINAL;15;27112024;26112026;LIMA;LIMA;LIMA;150101;31122024
ORGANIZACIÓN SOCIAL DE BASE DE PRIMER NIVEL CLUB DE MADRES VIRGEN DE FATIMA COD. CCLC-007 – CONDE DE LA VEGA BAJA – CERCADO DE;18112024;D000319-2024-GDH-SPVV;4122024;ORGANIZACIÓN SOCIAL DE BASE DE APOYO ALIMENTARIO;26;15102024;18072027;LIMA;LIMA;LIMA;150101;31122024
SOCIEDAD INDUSTRIAL DE VENDEDORES AMBULANTES DE REFRIGERIOS, FRUTAS Y JUGOS - SIVARFRUJ;22112024;D000320-2024-GDH-SPVV;5122024;ORGANIZACIÓN ECONÓMICA;40;25032024;24032027;LIMA;LIMA;LIMA;150101;31122024
COMEDOR “MANA DEL CIELO BY FIEL Y VERDADERO;22102024;D000321-2024-GDH-SPVV;5122024;ORGANIZACIÓN SOCIAL DE BASE DE APOYO ALIMENTARIO;25;15102024;15102027;LIMA;LIMA;LIMA;150101;31122024
SINDICATO DE EXPENDEDORES Y VOCEADORES  DE DIARIOS, REVISTAS, LOTERIAS, GOLOSINAS, MEDIO DIGITAL, TELECOMUNICACIONES Y AFINES DEL CENTRO HISTORICA DE LIMA,;19112024;D000322-2024-GDH-SPVV;5122024;ORGANIZACIÓN ECONÓMICA;18;10102024;9102026;LIMA;LIMA;LIMA;150101;31122024
JUNTA VECINAL VILLA MAR CDRA. 2,;27112024;D000324-2024-GDH-SPVV;5122024;ORGANIZACIÓN SOCIAL VECINAL;25;23112024;23112027;LIMA;LIMA;LIMA;150101;31122024
JUNTA VECINAL CHACRA RIOS SUR,;29112024;D000326-2024-GDH-SPVV;5122024;ORGANIZACIÓN SOCIAL VECINAL;17;5022024;5022026;LIMA;LIMA;LIMA;150101;31122024
COMEDOR POPULAR MANOS UNIDAS,;13112024;D000327-2024-GDH-SPVV;11122024;ORGANIZACIÓN SOCIAL DE BASE DE APOYO ALIMENTARIO;11;7102024;7102026;LIMA;LIMA;LIMA;150101;31122024
ORGANIZACIÓN SOCIAL DE BASE DE LOS COMITES DEL VASO DE LECHE “HUANCAVELICA OROYA CODIGO 132 COMITÉ 1 – CERCADO DE LIMA;22112024;D000328-2024-GDH-SPVV;11122024;ORGANIZACIÓN SOCIAL DE BASE DE APOYO ALIMENTARIO;32;24082024;23082027;LIMA;LIMA;LIMA;150101;31122024
OSB CLUB DE MADRES MARIA AUXILIADORA MIRONES BAJO – LIMA CODIGO 20744,;13112024;D000330-2024-GDH-SPVV;11122024;ORGANIZACIÓN SOCIAL DE BASE DE APOYO ALIMENTARIO;16;26112024;25112026;LIMA;LIMA;LIMA;150101;31122024
ASOCIACION DE EMPRENDEDORES DEL CONJUNTO HABITACIONAL MANZANILLA 3 – CERCADO DE LIMA,;29112024;D000335-2024-GDH-SPVV;16122024;ORGANIZACIÓN SOCIAL VECINAL;5;26112024;26112026;LIMA;LIMA;LIMA;150101;31122024
JUNTA VECINAL NUEVO AMAZONAS MARTINETE;10122024;D000336-2024-GDH-SPVV;16122024;ORGANIZACIÓN SOCIAL VECINAL;127;1122024;3122026;LIMA;LIMA;LIMA;150101;31122024
ORGANIZACIÓN SOCIAL DE BASE CLUB DE MADRES INMACULADA CONCEPCION N°1 DEL AA.HH 1RO. DE MAYO – CERCADO DE LIMA;27112024;D000337-2024-GDH-SPVV;17122024;ORGANIZACIÓN SOCIAL VECINAL;7;6122024;5122026;LIMA;LIMA;LIMA;150101;31122024
"JUNTA VECINAL DE INTERCALLES – JVI (PROPIETARIOS Y RESIDENTES), DEL CUADRANTE INTERNO: (CALLE MANUEL UBALDE Y ZEVALLOS CDRA. 25 Y JR. FELIX BOGADO CDRA. 25) Y CUADRANTE EXTERNO: (JR. ARISTIDES DEL CARPIO CUADRA 12; AV. AURELIO GARCIA Y  GARCIA LASTRES (“EL SOL)GARCIA CDRA. 12; JR. ELVIRA GARCIA Y GARCIA CDRA. 25 Y AV. COLONIAL CDRA. 25, ADYACENTES AL PARQUE";12122024;D000338-2024-GDH-SPVV;20122024;ORGANIZACIÓN SOCIAL VECINAL;21;2112024;2112026;LIMA;LIMA;LIMA;150101;31122024
"ORGANIZACIÓN SOCIAL DE BASE DE LOS COMITÉS DEL VASO DE LECHE ""MATEO SALADO"" CODIGO 29, COMITÉ 5";11122024;D000001-2025-MML-GDH-SPVV;3012025;ORGANIZACIÓN SOCIAL;53;30102024;29102027;LIMA;LIMA;LIMA;150101;31012025
ORGANIZACIÓN SOCIAL DE BASE DE PRIMER NIVEL DE LOS COMITES DEL VASO DE LECHE JR. JUNIN CDRAS 11, 12, 13 Y 14 CODIGO 44 COMITÉ 09;5122024;D000002-2025-MML-GDH-SPVV;3012025;ORGANIZACIÓN SOCIAL;15;26092024;25092027;LIMA;LIMA;LIMA;150101;31012025
ORGANIZACIÓN SOCIAL DE BASE DE LOS COMITES DEL VASO DE LECHE “MATEO SALADO” CODIGO 29, COMITÉ 4;4122024;D000003-2025-MML-GDH-SPVV;3012025;ORGANIZACIÓN SOCIAL;13;30062024;29062027;LIMA;LIMA;LIMA;150101;31012025
ORGANIZACIÓN SOCIAL DE BASE “SOLAR SANTA ROSA “CODIGO 182 COMITÉ UNICO;12122024;D000004-2025-MML-GDH-SPVV;3012025;ORGANIZACIÓN SOCIAL;20;4102024;3102027;LIMA;LIMA;LIMA;150101;31012025
ORGANIZACIÓN SOCIAL DE BASE DE LOS COMITES DEL VASO DE LECHE “MATEO SALADO” CODIGO 29 COMITÉ 2;3122024;D000005-2025-MML-GDH-SPVV;3012025;ORGANIZACIÓN SOCIAL;28;2112024;1112027;LIMA;LIMA;LIMA;150101;31012025
ORGANIZACIÓN SOCIAL VECINAL EDIFICIO CARBONE;13122024;D000006-2025-MML-GDH-SPVV;3012025;ORGANIZACIÓN SOCIAL;20;29092024;28092026;LIMA;LIMA;LIMA;150101;31012025
JUNTA VECINAL DE LA QUINTA VIRGEN DEL CARMEN DEL JR. HUANUCO 603;5122024;D000007-2025-MML-GDH-SPVV;3012025;ORGANIZACIÓN SOCIAL;11;17022024;16022027;LIMA;LIMA;LIMA;150101;31012025
SARGENTO ANDRES VIGIL” CODIGO 037 COMITÉ UNICO;12122024;D000008-2025-MML-GDH-SPVV;3012025;ORGANIZACIÓN SOCIAL;28;9102024;8102027;LIMA;LIMA;LIMA;150101;31012025
ASOCIACION DE INTERPRETES DE LA ALAMEDA CHABUCA GRANDA;26122024;D000009-2025-MML-GDH-SPVV;9012025;ORGANIZACIÓN SOCIAL TEMATICA;13;28122024;28122026;LIMA;LIMA;LIMA;150101;31012025
JUNTA VECINAL DE PROPIETARIOS DE LA QUINTA “MARIA AUXILIADORA”;17122024;D000011-2025-MML-GDH-SPVV;13012025;ORGANIZACIÓN SOCIAL;10;24082024;24082026;LIMA;LIMA;LIMA;150101;31012025
OLLA COMUN VIRGEN DE LOURDES VICENTINAS;4012025;D000013-2025-MML-GDH-SPVV;13012025;ORGANIZACIÓN SOCIAL;25;4122024;3122027;LIMA;LIMA;LIMA;150101;31012025
COMITES DEPORTIVOS VILLA MARIA DEL PERPETUO SOCORRO “NUEVO MUNDO”;19112024;D000014-2025-MML-GDH-SPVV;14012025;ORGANIZACIÓN SOCIAL DEPORTIVA;14;19112024;19112027;LIMA;LIMA;LIMA;150101;31012025
O.S.B. VASO DE LECHE “ENAFER” CODIGO 174 COMITÉ UNICO;18122024;D000015-2025-MML-GDH-SPVV;14012025;ORGANIZACIÓN SOCIAL;32;8112024;7112027;LIMA;LIMA;LIMA;150101;31012025
JUNTA VECINAL “PARQUE CARLOS LISSON”;13112024;D000019-2025-MML-GDH-SPVV;15012025;ORGANIZACIÓN SOCIAL VECINAL;31;15092024;15092027;LIMA;LIMA;LIMA;150101;31012025
JUNTA VECINAL DEL PARQUE 8;19012024;D000021-2025-MML-GDH-SPVV;21012025;ORGANIZACIÓN SOCIAL VECINAL;12;29062024;28062027;LIMA;LIMA;LIMA;150101;31012025
JUNTA DE VECINOS DEL CONJUNTO HABITACIONAL PASAJE VIRACO - JUVECHPAV;3012025;D000022-2025-MML-GDH-SPVV;21012025;ORGANIZACIÓN SOCIAL VECINAL;14;21112024;20112026;LIMA;LIMA;LIMA;150101;31012025
“VECINOS UNIDOS POR LA DEFENSA DE SUS DERECHOS”;10012025;D000023-2025-MML-GDH-SPVV;21012025;ORGANIZACIÓN SOCIAL VECINAL;14;2012025;1012027;LIMA;LIMA;LIMA;150101;31012025
JUNTA DE PROPIETARIOS QUINTA CENTENARIA ZELMI;3012025;D000025-2025-MML-GDH-SPVV;22012025;ORGANIZACIÓN SOCIAL VECINAL;15;24112023;23112026;LIMA;LIMA;LIMA;150101;31012025
JUNTA VECINAL DE SEGURIDAD CIUDADANA PRIMERA COMISARIA DE MONSERRAT - CUADRANTE 2;20012025;D000026-2025-MML-GDH-SPVV;22012025;ORGANIZACIÓN SOCIAL VECINAL;11;15012025;14012027;LIMA;LIMA;LIMA;150101;31012025
“DEPORTIVO CULTURAL SOCIAL UNION MANUEL SCORZA F.B.C.”;13112024;D000027-2025-MML-GDH-SPVV;27012025;ORGANIZACIÓN SOCIAL DEPORTIVO;14;25112023;24112025;LIMA;LIMA;LIMA;150101;31012025
ORGANIZACIÓN SOCIAL DE BASE DE LOS COMITES DEL VASO DE LECHE “LUIS PARDO “ CODIGO 28 – CERCADO DE LIMA;13122024;D000028-2025-MML-GDH-SPVV;27012025;ORGANIZACIÓN SOCIAL;22;29102024;28102027;LIMA;LIMA;LIMA;150101;31012025
ORGANIZACIÓN SOCIAL DE BASE DEL PRIMER NIVEL DE LOS COMITES DEL VASO DE LECHE “JR. ANCASH CDRAS. 9, 10 Y 11 CODIGO LOCAL 137, COMITÉ 01;11122024;D000029-2025-MML-GDH-SPVV;27012025;ORGANIZACIÓN SOCIAL;15;3112024;2112027;LIMA;LIMA;LIMA;150101;31012025
VASO DE LECHE JR. JUNIN CUADRAS 11,12,13,14 “BARRIOS ALTOS” CODIGO 44 COMITÉ 10;11122024;D000030-2025-MML-GDH-SPVV;27012025;ORGANIZACIÓN SOCIAL;10;24082024;23082027;LIMA;LIMA;LIMA;150101;31012025
ORGANIZACIÓN CLUB DE MADRES JARDIN ROSA DE SANTA MARIA;23012025;D000034-2025-MML-GDH-SPVV;27012025;ORGANIZACIÓN SOCIAL;14;29012025;28012027;LIMA;LIMA;LIMA;150101;31012025
BARRIO MONSERRAT” CODIGO 130 COMITÉ UNICO;7012025;D000036-2025-MML-GDH-SPVV;29012025;ORGANIZACIÓN SOCIAL;26;29112024;28112027;LIMA;LIMA;LIMA;150101;31012025
O.S.B VASO DE LECHE “V.M.P. SOCORRO” CODIGO 014 COMITÉ 01;23012025;D000037-2025-MML-GDH-SPVV;29012025;ORGANIZACIÓN SOCIAL DE BASE;12;20122024;19122027;LIMA;LIMA;LIMA;150101;31012025
ASENTAMIENTO HUMANO SANTA ROSA;16012025;D000038-2025-MML-GDH-SPVV;4022025;ORGANIZACIÓN SOCIAL VECINAL;19;10112024;10112025;LIMA;LIMA;LIMA;150101;28022025
“ASENTAMIENTO HUMANO COMITÉ VECINAL N° 20 CONDE DE LA VEGA BAJA;30122024;D000040-2025-MML-GDH-SPVV;4022025;ORGANIZACIÓN SOCIAL ;16;1012025;1012027;LIMA;LIMA;LIMA;150101;28022025
O.S.B VASO DE LECHE “V.M.P. SOCORRO” CODIGO 014 COMITÉ 11;29012024;D000041-2025-MML-GDH-SPVV;6022025;ORGANIZACIÓN SOCIAL ;17;14122024;14122027;LIMA;LIMA;LIMA;150101;28022025
O.S.B VASO DE LECHE “V.M.P. SOCORRO” CODIGO 014 COMITÉ 21;31012025;D000046-2025-MML-GDH-SPVV;11022025;ORGANIZACIÓN SOCIAL ;15;3012025;2012028;LIMA;LIMA;LIMA;150101;28022025
ORGANIZACIÓN SOCIAL DE BASE DE LOS COMITÉS DEL VASO DE LECHE “CAHUIDE” CODIGO 18;7022025;D000050-2025-MML-GDH-SPVV;12022025;ORGANIZACIÓN SOCIAL ;13;26012025;25012028;LIMA;LIMA;LIMA;150101;28022025
ORGANIZACIÓN SOCIAL DE BASE DE LOS COMITES DEL VASO DE LECHE HUANCAVELICA 150 CODIGO LOCAL 62 ;7022025;D000051-2025-MML-GDH-SPVV;12022025;ORGANIZACIÓN SOCIAL ;16;18122024;17122027;LIMA;LIMA;LIMA;150101;28022025
ASOCIACION RESIDENCIAL DE PROPIETARIOS DE PASAJE CENTRAL Y JIRON MISTI;12022025;D000052-2025-MML-GDH-SPVV;14022025;ORGANIZACIÓN SOCIAL VECINAL;27;24012025;24012027;LIMA;LIMA;LIMA;150101;28022025
COMITÉ VECINAL PARQUE FELIPE SASSONE - NORBERTO HARO;5022025;D000055-2025-MML-GDH-SPVV;18022025;ORGANIZACIÓN SOCIAL VECINAL;37;23012025;23012027;LIMA;LIMA;LIMA;150101;28022025
CLUB DE MADRES MARIA PARADO DE BELLIDO C.C.2503;6022025;D000056-2025-MML-GDH-SPVV;20022025;ORGANIZACIÓN SOCIAL;36;10022025;10022027;LIMA;LIMA;LIMA;150101;28022025
JUNTA VECINAL DEL PARQUE 8;19122024;D000057-2025-MML-GDH-SPVV;20022025;ORGANIZACIÓN SOCIAL VECINAL;12;29062024;28062027;LIMA;LIMA;LIMA;150101;28022025
ASOCIACION CLUB DE MADRES POR UN MUNDO MEJOR;13022025;D000058-2025-MML-GDH-SPVV;20022025;ORGANIZACIÓN SOCIAL;17;15022025;14022027;LIMA;LIMA;LIMA;150101;28022025
ORGANIZACIÓN SOCIAL DE BASE DE LOS COMITES DEL VASO DE LECHE “LUIS PARDO” CODIGO 28;13122025;D000059-2025-MML-GDH-SPVV;26022025;ORGANIZACIÓN SOCIAL;22;29102024;28102027;LIMA;LIMA;LIMA;150101;28022025
ASOCIACION COORDINADORA DE LOS CLUBES DE MADRES CERCADO DE LIMA;13122025;D000060-2025-MML-GDH-SPVV;28022025;ORGANIZACIÓN SOCIAL;34;19012025;18012027;LIMA;LIMA;LIMA;150101;28022025
CLUB DE MADRES EL BUEN PASTOR 1 – COMEDOR COCINA FAMILIAR N° 102;20022025;D000061-2025-MML-GDH-SPVV;28022025;ORGANIZACIÓN SOCIAL;8;28052023;27052025;LIMA;LIMA;LIMA;150101;28022025
JUNTA VECINAL COMUNAL DE SANTA ROSA DE MIRONES ALTO - JUVESROMA;12022025;D000062-2025-MML-GDH-SPVV;28022025;ORGANIZACIÓN SOCIAL VECINAL;38;4022024;4022026;LIMA;LIMA;LIMA;150101;28022025
HERMANDAD SEÑOR DE LOS MILAGROS DE LA URB. SANTA BEATRIZ – CERCADO DE LIMA;18022025;RESOLUCION N° D000067-2025-MML-GDH-SPVV;10032025;ORGANIZACIÓN SOCIAL;13;17012025;17012027;LIMA;LIMA;LIMA;150101;31032025
O.S.B VASO DE LECHE “EL PLANETA – ZONA D” CODIGO 007 COMITÉ 09;27022025;RESOLUCION N° D000068-2025-MML-GDH-SPVV;10032025;ORGANIZACIÓN SOCIAL DE BASE;15;11022025;10022028;LIMA;LIMA;LIMA;150101;31032025
ORGANIZACIÓN SOCIAL DE BASE DE LOS COMITES DEL VASO DE LECHE “SANTA ROSA MIRONES ALTOS” CODIGO 06 – COMITÉ 8;5032025;RESOLUCION N° D000073-2025-MML-GDH-SPVV;13032025;ORGANIZACIÓN SOCIAL DE BASE;13;30012025;29012028;LIMA;LIMA;LIMA;150101;31032025
O.S.B VASO DE LECHE “SANTA ROSA MIRONES ALTO” CODIGO 006 COMITÉ 01;4032025;RESOLUCION N° D000074-2025-MML-GDH-SPVV;13032025;ORGANIZACIÓN SOCIAL DE BASE;27;31012025;30012028;LIMA;LIMA;LIMA;150101;31032025
“ASOCIACION DE VIVIENDA JIRON LAMPA N° 1023, 1023A Y 1025 - LIMA;5022025;RESOLUCION N° D000075-2025-MML-GDH-SPVV;17032025;ORGANIZACIÓN SOCIAL VECINAL;20;11012025;6012026;LIMA;LIMA;LIMA;150101;31032025
ORGANIZACIÓN SOCIAL DE BASE DEL PRIMER NIVEL DE LOS COMITES DEL VASO DE LECHE “ACOMAYO” LOCAL UNICO CODIGO 20 CERCADO DE LIMA;7032025;RESOLUCION N° D000076-2025-MML-GDH-SPVV;17032025;ORGANIZACIÓN SOCIAL DE BASE;26;14122024;13122027;LIMA;LIMA;LIMA;150101;31032025
O.S.B VASO DE LECHE “EL RESCATE” CODIGO 010 COMITÉ 017 (F2);11032025;RESOLUCION N° D000077-2025-MML-GDH-SPVV;17032025;ORGANIZACIÓN SOCIAL DE BASE;26;17012025;16012028;LIMA;LIMA;LIMA;150101;31032025
"""URB. PALOMINO” CODIGO 116 COMITÉ 02";14032025;RESOLUCION N° D000079-2025-MML-GDH-SPVV;24032025;ORGANIZACIÓN SOCIAL DE BASE;30;16022025;15012028;LIMA;LIMA;LIMA;150101;31032025
“URB. PALOMINO” CÓDIGO 116 COMITÉ 04;14032025;RESOLUCION N° D000081-2025-MML-GDH-SPVV;24032025;ORGANIZACIÓN SOCIAL DE BASE;11;15022025;14022028;LIMA;LIMA;LIMA;150101;31032025
“INCA EXTENSION”;11032025;RESOLUCION N° D000082-2025-MML-GDH-SPVV;24032025;ORGANIZACIÓN SOCIAL VECINAL;27;17022025;17022027;LIMA;LIMA;LIMA;150101;31032025
ASOCIACION DE MORADORES Y POSEEDORES MANUEL CUADROS & CARLOS ZAVALA;11022025;RESOLUCION N° D000083-2025-MML-GDH-SPVV;24032024;ORGANIZACION SOCIAL VECINAL;56;21112024;21112026;LIMA;LIMA;LIMA;150101;31032025
“URB. PALOMINO CODIGO 116 COMITÉ 01”;14032025;RESOLUCION N° D000087-2025-MML-GDH-SPVV;27032025;ORGANIZACIÓN SOCIAL DE BASE;15;15022025;14022028;LIMA;LIMA;LIMA;150101;31032025
O.S.B CLUB DE MADRES “INMACULADA CONCEPCION 1° DE MAYO DEL CERCADO DE LIMA” CODIGO 20588;19032025;RESOLUCION N° D000088-2025-MML-GDH-SPVV;27032025;ORGANIZACIÓN SOCIAL DE BASE;15;9042025;8042027;LIMA;LIMA;LIMA;150101;31032025
ORGANIZACIÓN SOCIAL DE BASE DEL PRIMER NIVEL DE LOS COMITES DEL VASO DE LECHE “MATEO SALADO” CODIGO 29 COMITÉ 7 – CERCADO DE LIMA;14032025;RESOLUCION N° D000089-2025-MML-GDH-SPVV;27032025;ORGANIZACIÓN SOCIAL DE BASE;11;13022025;12022028;LIMA;LIMA;LIMA;150101;31032025
ORGANIZACIÓN SOCIAL DE BASE DE LOS COMITES DEL VASO DE LECHE “MATEO SALADO” CODIGO # 29, COMITÉ # 6 – CERCADO DE LIMA;19032025;RESOLUCION N° D000090-2025-MML-GDH-SPVV;27032025;ORGANIZACIÓN SOCIAL DE BASE;14;12022025;11022028;LIMA;LIMA;LIMA;150101;31032025
ORGANIZACIÓN SOCIAL DE BASE DE LOS COMITES DEL VASO DE LECHE “WASHINGTON 1012” CODIGO 083 – COMITÉ 02;27032025;RESOLUCION N° D000091-2025-MML-GDH-SPVV;27032025;ORGANIZACIÓN SOCIAL DE BASE;9;3032025;2032028;LIMA;LIMA;LIMA;150101;31032025
ORGANIZACIÓN SOCIAL DE BASE DEL PRIMER NIVEL DE LOS COMITES DEL VASO DE LECHE “AA.HH. 1° DE OCTUBRE RESCATE” CODIGO 10 COMITÉ 20 MZ.G2 CERCADO DE LIMA;19032025;RESOLUCION N° D000092-2025-MML-GDH-SPVV;28032025;ORGANIZACIÓN SOCIAL DE BASE;18;1032025;1032028;LIMA;LIMA;LIMA;150101;31032025
“EL RESCATE” CODIGO 010 COMITÉ 28 (J3);27032025;RESOLUCION N° D000093-2025-MML-GDH-SPVV;28032025;ORGANIZACIÓN SOCIAL DE BASE;19;15032025;14032028;LIMA;LIMA;LIMA;150101;31032025
ORGANIZACIÓN SOCIAL DE BASE DEL PRIMER NIVEL DE LOS COMITES DEL VASO DE LECHE “AA.HH 1° DE OCTUBRE RESCATE” CODIGO 10 COMITÉ 16 (F1);19032025;RESOLUCION N° D000094-2025-MML-GDH-SPVV;31032025;ORGANIZACIÓN SOCIAL DE BASE;12;1032025;28022028;LIMA;LIMA;LIMA;150101;31032025
ORGANIZACIÓN SOCIAL DE BASE DEL PRIMER NIVEL DE LOS COMITES DEL VASO DE LECHE “AA.HH 1° DE OCTUBRE RESCATE” CODIGO 10 COMITÉ 02 (A2);28032025;RESOLUCION N° D000095-2025-MML-GDH-SPVV;31032025;ORGANIZACIÓN SOCIAL DE BASE;16;11032025;10032028;LIMA;LIMA;LIMA;150101;31032025
ORGANIZACIÓN DEL VASO DE LECHE DEL CERCADO DE LIMA COMITÉ DE BASE # 6 DEL CODIGO 116 PALOMINO;18032025;RESOLUCION N° D000097-2025-MML-GDH-SPVV;7042025;ORGANIZACIÓN SOCIAL;11;16022025;15022025;LIMA;LIMA;LIMA;150101;30042025
"ASOCIACION DE VECINOS DEL CLUB SOCIAL Y CULTURAL “REPUBLICA DE VENEZUELA""";12032025;RESOLUCION N° D000099-2025-MML-GDH-SPVV;8042025;ORGANIZACIÓN SOCIAL DE BASE;60;1032025;1032028;LIMA;LIMA;LIMA;150101;30042025
"ORGANIZACIÓN SOCIAL DE BASE DEL PRIMER NIVEL DE LOS COMITES DE VASO DE LECHE ""AA.HH. 1° DE OCTUBRE RESCATE"" COD.10COMITE 08 (C2)";31032025;RESOLUCION N° D000103-2025-MML-GDH-SPVV;14042025;ORGANIZACIÓN SOCIAL DE BASE;28;4032025;3032028;LIMA;LIMA;LIMA;150101;30042025
ORGANIZACIÓN SOCIAL DE BASE DEL PRIMER NIVEL DE LOS COMITES DEL VASO DE LECHE “AA.HH 1° DE OCTUBRE RESCATE” CODIGO 10 COMITÉ 01 (A1);28032025;RESOLUCION N° D0000104-2025-MML-GDH-SPVV;14042025;ORGANIZACIÓN SOCIAL VECINAL;16;8032025;7032028;LIMA;LIMA;LIMA;150101;30042025
ORGANIZACIÓN SOCIAL DE BASE denominada ORGANIZACIÓN SOCIAL DE BASE VASO DE LECHE “EMPRESAS ELECTRICAS” CODIGO 086 COMITÉ UNICO – CERCADO DE LIMA;28032025;RESOLUCION N° D000105-2025-MML-GDH-SPVV;14042025;ORGANIZACIÓN SOCIAL DE BASE;16;4032025;4032028;LIMA;LIMA;LIMA;150101;30042025
ORGANIZACIÓN SOCIAL DE BASE VASO DE LECHE 28 DE JULIO-CHIPOCO – ACOBAMBA CODIGO 191 COMITÉ UNICO;8042025;RESOLUCION N° D000106-2025-MML-GDH-SPVV;14042025;ORGANIZACIÓN SOCIAL DE BASE;14;7022025;6022028;LIMA;LIMA;LIMA;150101;30042025
ORGANIZACIÓN SOCIAL DE BASE CHACRA RIOS CÓDIGO 025 COMITÉ ÚNICO;8042025;RESOLUCION N° D000107-2025-MML-GDH-SPVV;14042025;ORGANIZACIÓN SOCIAL DE BASE;36;7022025;6032028;LIMA;LIMA;LIMA;150101;30042025
ORGANIZACIÓN SOCIAL DE BASE DE LOS COMITÉS DEL VASO DE LECHE JR ANDAHUAYLAS CUADRAS 1 Y 2 CÓDIGO 142 COMITÉ ÚNICO;8042025;RESOLUCION N° D000108-2025-MML-GDH-SPVV;15042025;ORGANIZACIÓN SOCIAL DE BASE;25;2022025;1022028;LIMA;LIMA;LIMA;150101;30042025
ORGANIZACIÓN SOCIAL DE BASE DE LOS COMITÉS DEL VASO DE LECHE DEL SEGUNDO NIVEL DE LIMA CERCADO CUZCO CÓDIGO 049 COMITÉ ÚNICO;8042025;RESOLUCION N° D000109-2025-MML-GDH-SPVV;15042025;ORGANIZACIÓN SOCIAL VECINAL;19;28112024;27112027;LIMA;LIMA;LIMA;150101;30042025
"ORGANIZACIÓN SOCIAL DE BASE DE LOS COMITÉS DEL VASO DE LECHE DEL PRIMER NIVEL ""MAYNAS - ANCASH"" CÓDIGO 152 COMITÉ 06 DE LIMA CERCADO";8042025;RESOLUCION N° D000110-2025-MML-GDH-SPVV;15042025;ORGANIZACION SOCIAL VECINAL;21;18022025;17022028;LIMA;LIMA;LIMA;150101;30042025
ORGANIZACIÓN SOCIAL DE BASE “EL PLANETA-ZONA C” CÓDIGO 136 COMITÉ 06 - CERCADO DE LIMA;8042025;RESOLUCION N° D000111-2025-MML-GDH-SPVV;15042025;ORGANIZACIÓN SOCIAL DE BASE;27;4032025;3032028;LIMA;LIMA;LIMA;150101;30042025
"ORGANIZACIÓN SOCIAL DE BASE ""CASINELLI"" CÓDIGO 103 COMITE ÚNICO DE LIMA CERCADO";8042025;RESOLUCION N° D000112-2025-MML-GDH-SPVV;15042025;ORGANIZACIÓN SOCIAL DE BASE;23;14022025;13032028;LIMA;LIMA;LIMA;150101;30042025
"ORGANIZACIÓN SOCIAL DE BASE DEL PRIMER NIVEL DE LOS COMITÉS DEL VASO DE LECHE DE LIMA CERCADO ""MAYNAS ANCASH"" CÓDIGO 152 COMITÉ 05";8042025;RESOLUCION N° D0000113-2025-MML-GDH-SPVV;15042025;ORGANIZACIÓN SOCIAL DE BASE;20;15022025;14022028;LIMA;LIMA;LIMA;150101;30042025
ORGANIZACIÓN SOCIAL DE BASE DEL PRIMER NIVEL DE LOS COMITÉS DEL VASO DE LECHE “JR. AMAZONAS CUADRA 6 Y 7 “CÓDIGO 160, COMITÉ 1 - CERCADO DE LIMA;8042025;RESOLUCION N° D000114-2025-MML-GDH-SPVV;15042025;ORGANIZACIÓN SOCIAL DE BASE;23;26022025;26032028;LIMA;LIMA;LIMA;150101;30042025
ORGANIZACIÓN SOCIAL DE BASE DEL PRIMER NIVEL DE LOS COMITÉS DEL VASO DE LECHE MANZANILLA II CÓDIGO 76 COMITÉ 06 (F) CERCADO DE LIMA;8042025;RESOLUCION N° D000115-2025-MML-GDH-SPVV;15042025;ORGANIZACIÓN SOCIAL DE BASE;18;25032025;24032028;LIMA;LIMA;LIMA;150101;30042025
"ORGANIZACIÓN SOCIAL DE BASE DEL PRIMER NIVEL DE LOS COMITÉS DEL VASO DE LECHE ""LA HUAYRONA"" CÓDIGO 148 COMITÉ 2 CERCADO DE LIMA";8042025;RESOLUCION N° D000116-2025-MML-GDH-SPVV;15042025;ORGANIZACIÓN SOCIAL DE BASE;18;23012025;23012028;LIMA;LIMA;LIMA;150101;30042025
ORGANIZACIÓN SOCIAL DE BASE DEL PRIMER NIVEL DE LOS COMITÉS DEL VASO DE LECHE JUNTA VECINAL MIROQUEZADA CÓDIGO 50 COMITÉ 03 LIMA CERCADO;8042025;RESOLUCION N° D000117-2025-MML-GDH-SPVV;15042025;ORGANIZACIÓN SOCIAL DE BASE;30;5032025;5032028;LIMA;LIMA;LIMA;150101;30042025
"ORGANIZACIÓN SOCIAL DE BASE DE LOS COMITÉS DEL VASO DE LECHE COMITÉ N°1 DEL CÓDIGO 7 ZONA ""D""- EL PLANETA - CERCADO DE LIMA";8042025;RESOLUCION N° D000118-2025-MML-GDH-SPVV;15042025;ORGANIZACIÓN SOCIAL DE BASE;16;3022025;2022028;LIMA;LIMA;LIMA;150101;30042025
ORGANIZACIÓN SOCIAL DE BASE DE LOS COMITÉS DEL VASO DE LECHE “ASENTAMIENTO CHABUCA GRANDA” CÓDIGO 68-CERCADO DE LIMA;8042025;RESOLUCION N° D000119-2025-MML-GDH-SPVV;15042025;ORGANIZACIÓN SOCIAL DE BASE;22;20032025;19032028;LIMA;LIMA;LIMA;150101;30042025
ORGANIZACIÓN SOCIAL BASE DE LOS COMITÉS DE VASO DE LECHE DEL 1ER NIVEL DE LIMA CERCADO 101 JR HUARI CÓDIGO 101. COMITÉ 03;3042025;RESOLUCION N° D000120-2025-MML-GDH-SPVV;22042025;ORGANIZACIÓN SOCIAL DE BASE;11;25022025;24022028;LIMA;LIMA;LIMA;150101;30042025
ORGANIZACIÓN SOCIAL BASE “EL PLANETA – ZONA C” CÓDIGO 136 COMITÉ 04 - CERCADO DE LIMA;3042025;RESOLUCION N° D000121-2025-MML-GDH-SPVV;22042025;ORGANIZACIÓN SOCIAL DE BASE;13;7032025;6032028;LIMA;LIMA;LIMA;150101;30042025
ORGANIZACIÓN SOCIAL DEL PRIMER NIVEL DE LOS COMITÉS DEL VASO DE LECHE “VICENTE DE PAUL” CÓDIGO 177 COMITÉ ÚNICO - CERCADO DE LIMA;4042025;RESOLUCION N° D000122-2025-MML-GDH-SPVV;22042025;ORGANIZACIÓN SOCIAL DE BASE;17;21022025;20022028;LIMA;LIMA;LIMA;150101;30042025
COMITÉ DE BASE Nº 03 DEL VASO DE LECHE CERCADO DE LIMA - CÓDIGO 14 VILLA MARÍA DEL PERPETUO SOCORRO;3042025;RESOLUCION N° D000123-2025-MML-GDH-SPVV;22042025;ORGANIZACIÓN SOCIAL DE BASE;16;15032025;14032028;LIMA;LIMA;LIMA;150101;30042025
ORGANIZACIÓN SOCIAL DE BASE VASO LECHE “EL PLANETA – ZONA D” CÓDIGO 007 COMITÉ 04 -CERCADO DE LIMA;4042025;RESOLUCION N° D000124-2025-MML-GDH-SPVV;22042025;ORGANIZACIÓN SOCIAL DE BASE;13;8032025;7032028;LIMA;LIMA;LIMA;150101;30042025
“EL PLANETA – ZONA C” CODIGO 136 COMITÉ 02;4042025;RESOLUCION N° D000125-2025-MML-GDH-SPVV;22042025;ORGANIZACIÓN SOCIAL DE BASE;20;8032025;7032028;LIMA;LIMA;LIMA;150101;30042025
ORGANIZACIÓN SOCIAL DE BASE “EL PLANETA – ZONA C” CÓDIGO 136 COMITÉ 7 -CERCADO DE LIMA;4042025;RESOLUCION N° D000126-2025-MML-GDH-SPVV;22042025;ORGANIZACIÓN SOCIAL DE BASE;12;9032025;8032028;LIMA;LIMA;LIMA;150101;30042025
O.S.B. VASO DE LECHE “EL PLANETA – ZONA B” CÓDIGO 139 COMITÉ 08;7042025;RESOLUCION N° D000127-2025-MML-GDH-SPVV;22042025;ORGANIZACIÓN SOCIAL DE BASE;26;26032025;25032028;LIMA;LIMA;LIMA;150101;30042025
ORGANIZACIÓN SOCIAL BASE DEL PRIMER NIVEL DE LOS COMITÉS DEL VASO DE LECHE “AAHH 1º DE OCTUBRE RESCATE” CÓDIGO 10 COMITÉ 10 (D1) -CERCADO DE LIMA;3042025;RESOLUCION N° D000128-2025-MML-GDH-SPVV;22042025;ORGANIZACIÓN SOCIAL DE BASE;19;24032025;23032028;LIMA;LIMA;LIMA;150101;30042025
ORGANIZACIÓN SOCIAL DE BASE DE LOS COMITÉS DE VASO DE LECHE  SANTA ROSA DE MIRONES ALTOS CÓDIGO 06 COMITÉ 7-;17032025;RESOLUCION N° D000129-2025-MML-GDH-SPVV;22042025;ORGANIZACIÓN SOCIAL DE BASE;21;14022025;13022028;LIMA;LIMA;LIMA;150101;30042025
EL PLANETA – ZONA C CODIGO 136 COMITÉ 05 - CERCADO DE LIMA;4042025;RESOLUCION N° D000130-2025-MML-GDH-SPVV;22042025;ORGANIZACIÓN SOCIAL DE BASE;17;10032025;9032028;LIMA;LIMA;LIMA;150101;30042025
CASA DEL ADULTO MAYOR – RESCATE;4042025;RESOLUCION N° D000131-2025-MML-GDH-SPVV;22042025;ORGANIZACIÓN SOCIAL DE BASE;30;17032025;16032027;LIMA;LIMA;LIMA;150101;30042025
ORGANIZACIÓN SOCIAL DE BASE DEL PRIMER NIVEL DE LOS COMITÉS DEL VASO DE LECHE CÓDIGO 76 COMITÉ 10 (K) - CERCADO DE LIMA;8042025;RESOLUCION N° D000132-2025-MML-GDH-SPVV;22042025;ORGANIZACIÓN SOCIAL DE BASE;22;10032025;9032028;LIMA;LIMA;LIMA;150101;30042025
JUNTA GENERAL DE PROPIETARIOS DE LA RESIDENCIAL FERNANDO BELAUNDE TERRY;9042025;RESOLUCION N° D000133-2025-MML-GDH-SPVV;23042025;ORGANIZACIÓN SOCIAL DE BASE;218;23032025;23032027;LIMA;LIMA;LIMA;150101;30042025
O.S.B. EL RESCATE CODIGO 010 COMITE 07 (C1) – CERCADO DE LIMA;11042025;RESOLUCION N° D000134-2025-MML-GDH-SPVV;23042025;ORGANIZACIÓN SOCIAL DE BASE;13;20032025;19032028;LIMA;LIMA;LIMA;150101;30042025
ORGANIZACIÓN SOCIAL DE BASE DEL PRIMER NIVEL DE LOS COMITÉS DEL VASO DE LECHE “EL PLANETA” ZONA B CÓDIGO 139 COMITÉS 05;11042025;RESOLUCION N° D000135-2025-MML-GDH-SPVV;23042025;ORGANIZACIÓN SOCIAL DE BASE;21;24032025;23032028;LIMA;LIMA;LIMA;150101;30042025
ORGANIZACIÓN SOCIAL DE BASE DEL PRIMER NIVEL DE LOS COMITÉS DEL VASO DE LECHE “AAHH 1 DE OCTUBRE CÓDIGO 10, COMITÉ 22 (H1) - CERCADO DE LIMA,;11042025;RESOLUCION N° D000136-2025-MML-GDH-SPVV;23042025;ORGANIZACIÓN SOCIAL DE BASE;28;12032025;11032028;LIMA;LIMA;LIMA;150101;30042025
ASENTAMIENTO HUMANO CONDE DE LA VEGA BAJA;15042025;RESOLUCION N° D000137-2025-MML-GDH-SPVV;23042025;ORGANIZACIÓN SOCIAL ;162;2032025;1032027;LIMA;LIMA;LIMA;150101;30042025
SOCIAL DE BASE “COOPERATIVA NIÑO JESÚS” CÓDIGO 183 COMITÉ ÚNICO - CERCADO DE LIMA;22042025;RESOLUCION N° D000138-2025-MML-GDH-SPVV;28042025;ORGANIZACIÓN SOCIAL DE BASE;12;6032025;5032028;LIMA;LIMA;LIMA;150101;30042025
SINDICATO DE DESARROLLO DE PEQUEÑOS COMERCIANTES DE GOLOSINAS DE LA MICRO ZONA B-1 DEL CENTRO HISTÓRICO DE LIMA;28032025;RESOLUCION N° D000139-2025-MML-GDH-SPVV;28042025;ORGANIZACIÓN SOCIAL ECONOMICA;31;3032025;4032027;LIMA;LIMA;LIMA;150101;30042025
